,EMD_NM,건물노후도점수,지상층수점수,지하층수점수,주용도점수,구조점수,비상용승강기점수,소방서거리점수,소방용수시설거리점수
0,가창면,3.4545454545454546,1.004711751662971,0.051829268292682924,3.2056541019955653,3.044623059866962,4.998614190687362,2.350332594235033,4.530210643015521
1,가천동,3.454054054054054,0.9945945945945946,0.03783783783783784,3.32972972972973,2.9945945945945946,5.0,2.0,3.32972972972973
2,각산동,2.025503355704698,1.2590604026845638,0.2563758389261745,3.3932885906040267,0.4738255033557047,4.795973154362416,1.7986577181208054,3.916778523489933
3,갈산동,2.9169054441260744,1.0095510983763132,0.21298949379178606,7.478510028653295,1.443170964660936,4.997134670487106,1.5377268385864375,2.853868194842407
4,감삼동,3.74791215589236,1.111660995978967,0.1772347664707702,2.6541911537271883,2.7247138880296937,4.953603464274668,1.0,2.6851221775440766
5,검단동,3.2167774086378738,1.0249169435215948,0.132890365448505,5.690199335548173,2.026578073089701,4.999169435215947,1.6370431893687707,3.3995016611295683
6,검사동,3.689873417721519,1.1075949367088607,0.14082278481012658,2.9074367088607596,2.699367088607595,4.986550632911392,1.2151898734177216,2.8069620253164556
7,계산동1가,4.216216216216216,1.0810810810810811,0.3783783783783784,5.027027027027027,1.8108108108108107,5.0,1.0,1.5135135135135136
8,계산동2가,4.313953488372093,1.127906976744186,0.32558139534883723,4.290697674418604,2.9302325581395348,4.941860465116279,1.0,1.9534883720930232
9,고모동,3.2282608695652173,0.9891304347826086,0.03260869565217391,3.4239130434782608,2.864130434782609,4.994565217391305,1.9021739130434783,3.391304347826087
10,고성동1가,2.577319587628866,1.824742268041237,0.30927835051546393,2.865979381443299,1.7731958762886597,4.587628865979381,1.0,3.8350515463917527
11,고성동2가,4.04296875,1.046875,0.1171875,3.234375,3.05078125,5.0,1.0,2.75
12,고성동3가,3.8401937046004844,1.1113801452784504,0.2009685230024213,3.6150121065375305,2.3002421307506054,4.937046004842615,1.062953995157385,2.389830508474576
13,공평동,4.179190751445087,1.2080924855491328,0.5606936416184971,4.803468208092486,1.4219653179190752,4.994219653179191,1.0,1.9248554913294798
14,관음동,3.5775988286969254,1.0790629575402635,0.1171303074670571,2.465592972181552,2.8038067349926794,5.0,1.3257686676427525,3.0307467057101025
15,괴전동,2.9640522875816995,1.1764705882352942,0.19934640522875818,3.415032679738562,1.869281045751634,4.849673202614379,2.4084967320261437,3.5
16,교동,4.28140703517588,1.0251256281407035,0.10050251256281408,4.447236180904523,2.7336683417085426,4.994974874371859,1.0,1.4673366834170853
17,구암동,3.11781206171108,1.1654978962131837,0.1661991584852735,2.590462833099579,1.5568022440392706,4.978962131837307,1.5182328190743337,2.524544179523142
18,구지면,2.942384887839433,1.042266824085006,0.03471074380165289,4.554191263282172,2.535064935064935,4.968358913813459,2.1737898465171193,3.8382526564344746
19,국우동,2.6844380403458215,1.2146974063400577,0.138328530259366,2.5922190201729105,0.9279538904899135,4.939481268011527,1.5677233429394812,3.1671469740634004
20,군위읍,3.351119481062984,1.0027202343586525,0.01987863569784474,3.5635070098346935,2.991002301736765,4.998116760828625,2.9594057334170327,4.278091650973007
21,금강동,3.4926108374384235,0.9655172413793104,0.009852216748768473,3.0886699507389164,2.689655172413793,5.0,2.9261083743842367,3.87192118226601
22,금호동,2.0930232558139537,1.0199335548172757,0.036544850498338874,3.2093023255813953,1.541528239202658,5.0,1.0996677740863787,3.176079734219269
23,남산동,3.8845152895250488,1.1284970722186076,0.23064411190631098,3.187052700065062,2.734547820429408,4.929733246584255,1.0,2.1877033181522445
24,남성로,4.350515463917525,1.1030927835051547,0.3402061855670103,4.804123711340206,2.2061855670103094,5.0,1.0,1.731958762886598
25,남일동,4.315789473684211,1.263157894736842,0.4868421052631579,4.9605263157894735,2.25,4.973684210526316,1.0,1.9736842105263157
26,내곡동,3.8059701492537314,1.0,0.05970149253731343,2.8656716417910446,3.5970149253731343,5.0,3.0,4.059701492537314
27,내당동,4.07350963693411,1.0748543254146123,0.20125504258180188,2.7196324518153294,2.8007619901389513,4.994397131331241,1.0015688032272523,2.35992828328104
28,내동,3.7142857142857144,1.0,0.008928571428571428,3.419642857142857,3.8392857142857144,5.0,2.982142857142857,4.4375
29,노곡동,3.827763496143959,0.9974293059125964,0.05141388174807198,3.575835475578406,3.2982005141388173,5.0,1.8946015424164524,2.992287917737789
30,노변동,2.346801346801347,1.228956228956229,0.25925925925925924,3.5117845117845117,1.0505050505050506,4.835016835016835,1.101010101010101,3.898989898989899
31,노원동1가,3.712041884816754,1.0663176265270506,0.14485165794066318,4.722513089005235,2.18848167539267,4.973821989528796,1.4642233856893543,2.56020942408377
32,노원동2가,4.03674280039722,1.0377358490566038,0.1320754716981132,3.872889771598808,2.6434955312810327,4.999006951340616,1.0,2.6673286991062564
33,노원동3가,3.39557901682613,1.023424612339162,0.11316397228637413,6.947542065324975,1.8488947542065326,4.988782580006599,1.2441438469152095,2.86077202243484
34,논공읍,2.9370044052863435,1.0270925110132159,0.06035242290748899,4.936563876651983,1.9931718061674009,4.991189427312776,1.9755506607929516,3.545374449339207
35,능성동,3.0268456375838926,0.9798657718120806,0.18120805369127516,3.6912751677852347,2.5704697986577183,5.0,2.7651006711409396,4.704697986577181
36,다사읍,2.352201257861635,1.2005321722302855,0.16376390904692792,4.195936139332366,1.3514755684567006,4.844702467343977,1.8132559264634736,3.91799709724238
37,달성동,3.4768683274021353,1.1637010676156583,0.17793594306049823,3.622775800711744,2.409252669039146,4.854092526690391,1.0,2.419928825622776
38,대곡동,2.2114197530864197,1.3070987654320987,0.375,3.2685185185185186,0.779320987654321,4.79320987654321,1.8055555555555556,3.316358024691358
39,대림동,1.8148148148148149,1.2222222222222223,0.39814814814814814,4.462962962962963,1.1203703703703705,4.638888888888889,3.0,4.527777777777778
40,대명동,3.988446726572529,1.0397362586066052,0.21927879565876998,2.7562726105729958,2.5472050414284046,4.991714319057066,1.510211226514179,2.33358618275178
41,대봉동,3.722809667673716,1.1654078549848943,0.2590634441087613,3.4425981873111784,2.309667673716012,4.967522658610272,1.1208459214501512,2.2749244712990935
42,대신동,4.133113311331133,1.1353135313531353,0.24752475247524752,3.728272827282728,2.6545654565456545,4.9438943894389435,1.0,1.9845984598459847
43,대안동,4.484536082474227,1.0721649484536082,0.2268041237113402,4.597938144329897,2.4536082474226806,4.989690721649485,1.0,1.556701030927835
44,대천동,2.7769709543568464,1.1607883817427387,0.17116182572614108,6.4346473029045645,1.2904564315352698,4.928423236514523,1.4356846473029046,3.6960580912863072
45,대현동,3.945393914130888,1.0596081700708628,0.18757815756565235,2.6360983743226343,2.8303459774906212,4.971238015839933,1.0,2.756148395164652
46,대흥동,2.2612612612612613,1.3783783783783783,0.44594594594594594,4.382882882882883,1.6396396396396395,4.918918918918919,2.036036036036036,3.7612612612612613
47,덕곡동,2.8054298642533935,1.0,0.1583710407239819,3.6561085972850678,2.0452488687782804,5.0,4.542986425339366,5.0
48,덕산동,4.277777777777778,1.3611111111111112,1.0555555555555556,5.222222222222222,1.0555555555555556,4.888888888888889,1.0,1.6666666666666667
49,도남동,3.1526315789473682,0.9947368421052631,0.021052631578947368,3.3473684210526318,3.0631578947368423,5.0,2.7526315789473683,3.5473684210526315
50,도동,3.5602739726027397,1.0136986301369864,0.10684931506849316,3.147945205479452,2.9643835616438357,5.0,2.004109589041096,3.267123287671233
51,도원동,2.8857142857142857,1.8232142857142857,0.5232142857142857,3.289285714285714,1.0982142857142858,4.760714285714286,1.3910714285714285,3.544642857142857
52,도학동,3.220779220779221,0.987012987012987,0.12121212121212122,3.8354978354978355,3.116883116883117,5.0,1.9047619047619047,4.6103896103896105
53,동내동,1.7,1.125,0.2,6.05,1.35,4.875,2.15,4.55
54,동문동,4.24203821656051,1.10828025477707,0.3248407643312102,4.713375796178344,1.7070063694267517,4.993630573248407,1.0,1.5668789808917198
55,동변동,2.912739965095986,1.155322862129145,0.12216404886561955,3.06108202443281,0.9895287958115183,4.99825479930192,1.087260034904014,3.3420593368237346
56,동산동,3.860557768924303,1.1434262948207172,0.26294820717131473,3.9203187250996017,2.4661354581673307,4.940239043824701,1.0,2.195219123505976
57,동성로1가,4.444444444444445,1.0555555555555556,0.3055555555555556,5.0,2.138888888888889,5.0,1.0,1.8611111111111112
58,동성로2가,4.099378881987578,1.2111801242236024,0.453416149068323,4.906832298136646,1.4658385093167703,4.968944099378882,1.0,1.8881987577639752
59,동성로3가,4.013333333333334,1.2133333333333334,0.4666666666666667,4.906666666666666,1.8533333333333333,4.973333333333334,1.0,2.2133333333333334
60,동인동1가,3.4128440366972477,1.334862385321101,0.463302752293578,3.8073394495412844,1.5596330275229358,4.834862385321101,1.0,2.0137614678899083
61,동인동2가,3.7467532467532467,1.2272727272727273,0.4935064935064935,4.3311688311688314,1.4610389610389611,4.9480519480519485,1.0,2.2467532467532467
62,동인동3가,3.90795631825273,1.0904836193447738,0.2948517940717629,2.923556942277691,2.4102964118564745,4.9609984399375975,1.547581903276131,2.1918876755070205
63,동인동4가,4.033639143730887,1.0458715596330275,0.172782874617737,3.217125382262997,2.853211009174312,4.995412844036697,1.371559633027523,2.015290519877676
64,동일동,4.0,1.3,0.35,5.4,1.8,5.0,1.0,1.65
65,동천동,2.8929618768328447,1.3592375366568914,0.3152492668621701,2.8944281524926687,0.6275659824046921,4.939882697947214,1.0909090909090908,3.089442815249267
66,동호동,3.26375,1.1,0.115,3.72375,1.855,5.0,2.00125,3.39125
67,두류동,3.933697347893916,1.0585023400936038,0.21372854914196568,2.735049401976079,2.765470618824753,4.978159126365054,1.1006240249609984,2.593083723348934
68,두산동,3.092129347162904,1.0787065283709578,0.18730933496034166,3.132397803538743,2.071384990848078,4.9646125686394145,1.109823062843197,2.4966442953020134
69,둔산동,3.1909307875894988,1.0,0.011933174224343675,3.412887828162291,3.0787589498806684,5.0,2.0954653937947496,4.477326968973747
70,만촌동,3.7805499908941904,1.0834092150792205,0.33181569841558917,2.648333636860317,2.7255509014751413,4.956292114368967,1.1058095064651248,2.6029867055181204
71,매여동,3.3194444444444446,1.0,0.013888888888888888,3.25,3.125,5.0,2.236111111111111,3.888888888888889
72,매천동,2.804185351270553,1.1838565022421526,0.18086696562032886,3.765321375186846,1.7533632286995515,4.874439461883408,1.3632286995515694,3.164424514200299
73,매호동,3.4574074074074073,1.2574074074074073,0.20925925925925926,2.801851851851852,2.0925925925925926,4.92037037037037,1.1796296296296296,3.085185185185185
74,문화동,4.5,1.1891891891891893,0.4594594594594595,4.986486486486487,2.1216216216216215,4.95945945945946,1.0,2.0135135135135136
75,미곡동,3.418300653594771,1.0,0.032679738562091505,2.816993464052288,3.130718954248366,5.0,1.9411764705882353,3.9411764705882355
76,미대동,3.618834080717489,0.9955156950672646,0.02242152466367713,3.695067264573991,3.403587443946188,5.0,2.0269058295964126,3.8430493273542603
77,방촌동,3.830430496220835,1.080841275057509,0.14689451199474204,2.6736772921459084,2.7798225435425565,4.992770292474532,1.948077555044364,3.0946434439697668
78,백안동,3.424019607843137,0.9975490196078431,0.04656862745098039,3.424019607843137,2.985294117647059,5.0,1.321078431372549,4.299019607843137
79,범물동,3.5053507728894173,1.281807372175981,0.3436385255648038,2.73602853745541,1.8715814506539834,4.925089179548157,1.5826397146254458,2.821640903686088
80,범어동,3.6327193932827737,1.180715059588299,0.39458288190682556,2.9176598049837486,2.2114842903575296,4.928494041170097,1.6348862405200433,2.582665222101842
81,복현동,3.145219638242894,1.2170542635658914,0.2744186046511628,2.950904392764858,1.2387596899224806,4.913695090439276,1.7416020671834624,2.7074935400516797
82,본동,3.36013986013986,1.134032634032634,0.3181818181818182,3.2505827505827507,1.7424242424242424,4.9906759906759905,1.0,2.687645687645688
83,본리동,3.08812729498164,1.255813953488372,0.32802937576499386,3.3782129742962055,0.9388004895960832,4.877600979192167,1.197062423500612,3.0820073439412483
84,봉덕동,3.963397652675552,1.0702208076387507,0.2092699423115178,2.7992838671175653,2.61328824348518,4.975333200716133,1.3218619454943306,2.3831310921026456
85,봉무동,2.558421851289833,1.2655538694992412,0.19423368740515934,4.095599393019727,1.676783004552352,4.726858877086495,1.2883156297420333,3.276176024279211
86,봉산동,3.942078364565588,1.112436115843271,0.22487223168654175,3.787052810902896,2.536626916524702,4.982964224872232,1.0,2.0102214650766608
87,부계면,2.954522486104093,1.0015159171298635,0.019706922688226377,3.7392622536634663,2.922688226376958,5.0,3.0389085396664983,4.702374936836787
88,부동,2.975609756097561,0.9969512195121951,0.021341463414634148,3.7591463414634148,2.7957317073170733,5.0,1.8902439024390243,4.265243902439025
89,북내동,4.111111111111111,1.0555555555555556,0.16666666666666666,3.4722222222222223,2.9722222222222223,4.972222222222222,1.0,1.4444444444444444
90,북성로1가,4.7701149425287355,1.0919540229885059,0.1839080459770115,5.413793103448276,3.0344827586206895,4.988505747126437,1.0,1.896551724137931
91,북성로2가,4.448275862068965,1.0,0.20689655172413793,5.103448275862069,3.0172413793103448,5.0,1.0,2.086206896551724
92,불로동,3.740620957309185,1.0485122897800776,0.148124191461837,2.8247089262613194,2.7082794307891334,4.994825355756792,1.7710219922380337,3.118369987063389
93,비산동,4.047891411985658,1.0400375618917534,0.10739286324056685,2.807580672699334,3.0725627454328155,4.998463377155541,1.037135052074441,2.3765579648284105
94,사복동,1.7962962962962963,1.1728395061728396,0.19135802469135801,3.080246913580247,0.691358024691358,4.716049382716049,3.006172839506173,4.765432098765432
95,사수동,1.5,1.5384615384615385,0.42657342657342656,2.9125874125874125,0.27972027972027974,4.580419580419581,1.2692307692307692,3.6713286713286712
96,사월동,2.5868544600938965,1.4366197183098592,0.37089201877934275,3.5258215962441315,1.2065727699530517,4.652582159624413,1.9389671361502347,4.384976525821596
97,사일동,4.611111111111111,1.1666666666666667,0.7777777777777778,5.0,0.5555555555555556,4.944444444444445,1.0,2.3333333333333335
98,산격동,3.912079953650058,1.0431633835457705,0.2156720741599073,3.1235515643105445,2.6687427578215526,4.987253765932793,1.5944380069524913,2.750289687137891
99,산성면,3.43986543313709,0.9991589571068125,0.004205214465937763,3.374264087468461,3.4070647603027755,5.0,3.208578637510513,4.414634146341464
100,삼국유사면,3.229869236063317,1.0,0.009635237439779766,3.5505849965588436,3.23331039229181,5.0,4.913971094287681,4.746730901582932
101,삼덕동,2.640449438202247,1.0056179775280898,0.05056179775280899,3.0280898876404496,2.50561797752809,5.0,2.0,3.9269662921348316
102,삼덕동1가,3.931297709923664,1.1641221374045803,0.46946564885496184,4.904580152671755,1.965648854961832,5.0,1.0,2.3244274809160306
103,삼덕동2가,3.1439205955334986,1.2928039702233252,0.32754342431761785,3.7568238213399505,1.411910669975186,4.9528535980148884,1.0,2.2878411910669976
104,삼덕동3가,3.655493482309125,1.0670391061452513,0.1713221601489758,3.1675977653631286,2.51024208566108,4.973929236499069,1.0986964618249535,2.169459962756052
105,상덕동,4.944444444444445,1.0555555555555556,0.2222222222222222,5.055555555555555,0.8333333333333334,5.0,1.0,1.0555555555555556
106,상동,3.6284424379232507,1.0329571106094808,0.22392776523702032,2.8063205417607224,2.5896162528216706,4.972009029345372,1.5340857787810385,2.689390519187359
107,상리동,3.088888888888889,1.0155555555555555,0.10888888888888888,4.068888888888889,2.3533333333333335,4.997777777777777,2.0,2.831111111111111
108,상매동,2.08,1.072,0.128,6.208,2.12,5.0,1.296,4.232
109,상서동,4.416666666666667,1.3333333333333333,0.8333333333333334,4.666666666666667,1.0,5.0,1.0,1.5833333333333333
110,상인동,3.3586065573770494,1.2059426229508197,0.2530737704918033,2.789617486338798,1.9504781420765027,4.92827868852459,1.1246584699453552,2.912568306010929
111,서내동,3.75,1.0416666666666667,0.2916666666666667,3.8333333333333335,1.4583333333333333,5.0,1.0,1.9166666666666667
112,서문로1가,3.7674418604651163,1.069767441860465,0.37209302325581395,4.4186046511627906,1.2093023255813953,5.0,1.0,1.813953488372093
113,서문로2가,4.589041095890411,1.0547945205479452,0.1917808219178082,4.205479452054795,3.3698630136986303,5.0,1.0,2.0273972602739727
114,서변동,3.0086538461538463,1.1298076923076923,0.10865384615384616,3.148076923076923,1.2567307692307692,5.0,1.2240384615384616,3.4153846153846152
115,서성로1가,3.925925925925926,1.1111111111111112,0.16666666666666666,4.157407407407407,3.074074074074074,4.925925925925926,1.0,1.7592592592592593
116,서성로2가,4.2,1.1,0.1,4.7,3.4,5.0,1.0,1.8
117,서야동,4.1938775510204085,1.010204081632653,0.19387755102040816,4.244897959183674,2.806122448979592,5.0,1.0,2.2857142857142856
118,서호동,3.75591985428051,1.0510018214936248,0.1111111111111111,2.907103825136612,2.4845173041894353,4.9963570127504555,2.0,3.1730418943533696
119,성당동,4.074293228139382,1.076594345825115,0.17784352399737016,2.6587771203155817,2.9119000657462197,4.961867192636423,1.2015121630506247,2.786653517422748
120,성동,3.894308943089431,0.983739837398374,0.008130081300813009,2.7642276422764227,3.682926829268293,5.0,2.0,4.008130081300813
121,소보면,3.6066859265373505,0.9991745769706974,0.0033016921172100704,3.406108130416839,3.374742055303343,4.9995872884853485,4.888155179529509,4.6776723070573665
122,송정동,2.8265682656826567,0.996309963099631,0.05904059040590406,3.5276752767527677,2.7712177121771218,5.0,4.929889298892989,4.763837638376383
123,송현동,3.8312193126022915,1.0470540098199672,0.1859656301145663,2.577945990180033,2.676759410801964,4.987929623567921,1.1910801963993454,2.9599018003273323
124,수동,3.608695652173913,1.2391304347826086,0.3695652173913043,4.739130434782608,2.0,5.0,1.0,1.5869565217391304
125,수성동1가,3.8017241379310347,1.167624521072797,0.2413793103448276,2.8687739463601534,2.281609195402299,4.922413793103448,1.4137931034482758,2.5756704980842913
126,수성동2가,4.414141414141414,1.0348943985307621,0.15702479338842976,2.9862258953168044,2.803489439853076,4.986225895316805,1.0,2.046831955922865
127,수성동3가,4.108108108108108,1.162162162162162,0.3036565977742448,2.605723370429253,2.9141494435612083,4.915739268680445,1.0,2.480127186009539
128,수성동4가,3.7335526315789473,1.1820175438596492,0.21820175438596492,2.9791666666666665,2.543859649122807,4.9375,1.3289473684210527,2.5482456140350878
129,수창동,3.8577981651376145,1.334862385321101,0.21100917431192662,4.577981651376147,2.5642201834862384,4.830275229357798,1.0,2.44954128440367
130,숙천동,2.8,1.075,0.16,2.84,2.29,4.905,3.0,3.865
131,시장북로,4.462962962962963,1.0648148148148149,0.16666666666666666,4.5092592592592595,2.759259259259259,5.0,1.0,1.8981481481481481
132,시지동,2.9627329192546585,1.236024844720497,0.2375776397515528,3.1645962732919255,1.4192546583850931,4.916149068322981,1.3338509316770186,3.6040372670807455
133,신기동,3.787994891443167,1.13154533844189,0.20051085568326948,2.8659003831417627,2.194125159642401,4.998722860791826,2.0,2.7471264367816093
134,신당동,3.003260869565217,1.0972826086956522,0.21956521739130436,3.5907608695652176,1.6146739130434782,4.984239130434783,1.8744565217391305,2.827717391304348
135,신매동,3.0416666666666665,1.3356481481481481,0.27662037037037035,3.0358796296296298,1.1990740740740742,4.921296296296297,1.2638888888888888,2.5613425925925926
136,신무동,3.103896103896104,0.9935064935064936,0.14285714285714285,2.8181818181818183,2.896103896103896,5.0,3.0194805194805197,4.564935064935065
137,신서동,2.652591170825336,1.2773512476007678,0.19865642994241842,3.0,0.6727447216890595,4.911708253358925,2.137236084452975,3.2994241842610363
138,신암동,3.9541248277219925,1.1232526087812562,0.2640283520378027,2.712541838944674,2.7340027564481195,4.938176806457964,1.3971254183894468,2.90431187241583
139,신용동,3.2993197278911564,1.0,0.05442176870748299,2.5850340136054424,3.306122448979592,5.0,3.6598639455782314,4.5646258503401365
140,신천동,4.119904790241,1.173460279678667,0.3725081820886641,2.9964296340374887,2.5578696816423685,4.940493900624814,1.5397203213329367,2.707229991074085
141,신평동,3.36996336996337,1.031135531135531,0.09706959706959707,3.8864468864468864,2.2124542124542126,5.0,2.0,3.695970695970696
142,연경동,1.5420792079207921,1.24009900990099,0.2103960396039604,3.257425742574257,1.0074257425742574,4.673267326732673,2.7475247524752477,3.26980198019802
143,연호동,3.2193548387096773,1.0193548387096774,0.07741935483870968,3.193548387096774,2.47741935483871,5.0,2.0,4.6
144,옥포읍,3.1746302616609783,1.0563139931740615,0.060580204778156996,4.133390216154721,2.316268486916951,4.940557451649602,2.1100682593856654,3.907849829351536
145,완전동,3.3958333333333335,1.0416666666666667,0.22916666666666666,3.2083333333333335,1.3125,5.0,1.0,2.3333333333333335
146,용계동,3.1940677966101694,1.097457627118644,0.17627118644067796,3.3389830508474576,2.2101694915254235,4.938135593220339,2.0016949152542374,3.8228813559322035
147,용덕동,3.7906976744186047,1.0465116279069768,0.23255813953488372,4.930232558139535,1.558139534883721,5.0,1.0,1.930232558139535
148,용산동,3.0686977299880525,1.2616487455197132,0.26105137395459976,2.5698924731182795,1.507168458781362,4.8267622461170845,1.57168458781362,2.7216248506571086
149,용수동,3.292490118577075,0.9920948616600791,0.24110671936758893,4.1936758893280635,2.3201581027667983,5.0,2.33596837944664,4.644268774703558
150,우보면,3.413606911447084,0.9994600431965442,0.0026997840172786176,3.447084233261339,3.2926565874730023,5.0,3.2953563714902807,4.461663066954643
151,욱수동,2.5742574257425743,1.301980198019802,0.22772277227722773,3.8118811881188117,1.193069306930693,4.821782178217822,1.9306930693069306,3.707920792079208
152,원대동1가,3.995114006514658,1.0912052117263844,0.1449511400651466,3.263843648208469,2.729641693811075,5.0,1.0,2.403908794788274
153,원대동2가,4.010989010989011,1.0769230769230769,0.15384615384615385,3.4615384615384617,2.5494505494505493,4.9945054945054945,1.0,1.9835164835164836
154,원대동3가,3.99406528189911,1.0672601384767557,0.09891196834817013,2.7705242334322455,2.462908011869436,4.966369930761622,1.0,2.158259149357072
155,월성동,2.493840985442329,1.6002239641657334,0.3661814109742441,4.471444568868981,1.0089585666293392,4.748040313549832,1.6898096304591266,3.4837625979843225
156,월암동,3.0262605042016806,1.0084033613445378,0.1869747899159664,7.332983193277311,1.6428571428571428,4.996848739495798,1.4359243697478992,3.5493697478991595
157,유가읍,2.547169811320755,1.1342525399129173,0.0965166908563135,3.9034833091436867,2.2296806966618288,4.886066763425254,2.3254716981132075,3.8022496371552976
158,유천동,2.3333333333333335,1.690909090909091,0.24848484848484848,3.3848484848484848,0.9151515151515152,4.575757575757576,1.887878787878788,3.8424242424242423
159,율암동,2.4083769633507854,1.1099476439790577,0.19109947643979058,5.112565445026178,1.5,4.829842931937173,1.7539267015706805,3.413612565445026
160,율하동,2.8768817204301076,1.1779569892473118,0.22849462365591397,2.5188172043010755,1.493010752688172,4.936021505376344,2.0016129032258063,2.6559139784946235
161,읍내동,3.221090473337328,1.1288196524865188,0.2127022168963451,2.952666267225884,1.8502097064110246,4.95026962252846,1.2372678250449372,3.061114439784302
162,의흥면,3.354795137325529,0.9995497523638001,0.00495272399819901,3.7014858171994596,3.281404772624944,4.998199009455201,2.2026114362899594,4.24808644754615
163,이곡동,3.1058475203552924,1.2805329385640267,0.3464100666173205,3.396743153219837,1.2109548482605477,4.870466321243524,1.3560325684678016,2.7461139896373057
164,이천동,3.8206245461147423,1.1060275962236747,0.16194625998547568,2.9753086419753085,2.6485112563543938,4.94553376906318,1.0922294843863471,2.429193899782135
165,이현동,2.9566787003610107,1.0108303249097472,0.1444043321299639,6.888086642599278,1.5830324909747293,4.997292418772563,1.325812274368231,2.8176895306859207
166,인교동,4.300492610837439,1.0443349753694582,0.17733990147783252,4.295566502463054,2.7783251231527095,5.0,1.0,1.9852216748768472
167,입석동,3.9284940411700977,1.0552546045503792,0.14842903575297942,2.799566630552546,2.6988082340195017,5.0,1.0043336944745396,2.7833152762730227
168,장관동,3.9285714285714284,1.1666666666666667,0.35714285714285715,4.095238095238095,2.0952380952380953,5.0,1.0,1.5952380952380953
169,장기동,2.963888888888889,1.1712962962962963,0.1712962962962963,3.65,1.5194444444444444,4.909259259259259,1.761111111111111,3.0675925925925926
170,장동,2.7774294670846396,1.0094043887147335,0.14890282131661442,6.910658307210031,1.5830721003134796,4.998432601880878,1.738244514106583,2.653605015673981
171,전동,4.379310344827586,1.1379310344827587,0.3103448275862069,4.896551724137931,2.1724137931034484,5.0,1.0,2.0689655172413794
172,조야동,3.5875,1.009375,0.1125,3.61875,2.634375,5.0,2.0,3.425
173,종로1가,4.04,1.1333333333333333,0.32,4.986666666666666,2.013333333333333,4.986666666666666,1.0,1.9866666666666666
174,종로2가,3.986666666666667,1.0533333333333332,0.22666666666666666,5.053333333333334,2.2533333333333334,5.0,1.0,1.6933333333333334
175,죽전동,3.4838112858464383,1.087881591119334,0.21554116558741906,2.9454209065679926,2.3311748381128585,4.960222016651249,1.0,2.45790934320074
176,중대동,2.7714285714285714,0.9959183673469387,0.15510204081632653,3.3857142857142857,2.5551020408163265,5.0,4.0,4.830612244897959
177,중동,3.7094240837696337,1.0654450261780104,0.2534031413612565,2.7664921465968586,2.581675392670157,4.964921465968587,1.843979057591623,2.7277486910994764
178,중리동,3.5862628447809626,1.0989724175229854,0.15413737155219037,4.479177934018388,2.1584640346133046,4.974580854515954,1.065440778799351,2.7209302325581395
179,지묘동,2.5365853658536586,1.2926829268292683,0.2910569105691057,3.5008130081300814,1.391869918699187,4.757723577235772,2.151219512195122,3.3495934959349594
180,지산동,3.4477664438972915,1.123109391487865,0.2736545902215969,2.810411537108688,2.1132606401688356,4.987689060851213,1.3232500879352795,2.8881463243053114
181,지저동,3.886379675370501,1.0310515172900494,0.1496118560338744,2.68454481298518,2.8560338743824984,4.992942836979534,1.8510938602681721,2.8454481298517997
182,진인동,3.0511811023622046,0.9960629921259843,0.11023622047244094,3.425196850393701,2.7598425196850394,5.0,2.074803149606299,4.6141732283464565
183,진천동,3.2181048173636846,1.1593435680254103,0.2011646373742721,2.9968237162519853,1.8020116463737428,4.942297511911064,1.4992059290629962,2.6368448914769718
184,칠성동1가,4.553323029366306,1.0154559505409582,0.1947449768160742,4.112828438948996,3.0309119010819163,5.0,1.0,1.78516228748068
185,칠성동2가,3.892063492063492,1.2174603174603174,0.2611111111111111,3.388888888888889,2.7563492063492063,4.938095238095238,1.0,2.503968253968254
186,침산동,3.6450079239302693,1.1356576862123613,0.18478605388272584,4.309667194928685,2.408874801901743,4.933755942947702,1.5366085578446909,2.933122028526149
187,태전동,3.0704607046070462,1.1761517615176151,0.19589624467673247,2.9934185056136275,1.411149825783972,4.957801006581494,1.691831204026326,3.153697251258227
188,태평로1가,3.7457627118644066,1.3728813559322033,0.5254237288135594,4.711864406779661,1.3220338983050848,4.9491525423728815,1.0,1.5932203389830508
189,태평로2가,2.9740259740259742,1.4805194805194806,0.33766233766233766,4.961038961038961,1.5454545454545454,4.909090909090909,1.0,2.1298701298701297
190,태평로3가,2.729032258064516,1.232258064516129,0.4645161290322581,4.245161290322581,1.2,4.896774193548387,1.0,1.793548387096774
191,파동,3.536823425022183,1.1597160603371783,0.31765749778172137,2.795918367346939,2.179236912156167,4.8979591836734695,1.5625554569653948,3.048802129547471
192,파호동,2.838479809976247,1.1353919239904988,0.19714964370546317,5.750593824228028,1.3539192399049882,4.881235154394299,1.6104513064133017,3.4631828978622328
193,팔달동,2.909560723514212,1.1266149870801034,0.12144702842377261,4.757105943152455,2.1782945736434107,4.96640826873385,2.0,3.731266149870801
194,평광동,3.3916349809885933,1.0,0.015209125475285171,3.688212927756654,3.3041825095057034,5.0,2.9657794676806084,4.243346007604563
195,평리동,4.117816091954023,1.0488505747126438,0.2355124521072797,2.6135057471264367,3.091594827586207,4.985033524904215,1.2747844827586208,2.4596503831417627
196,포정동,4.319148936170213,1.4042553191489362,0.6382978723404256,4.957446808510638,0.8297872340425532,4.957446808510638,1.0,1.9148936170212767
197,하빈면,3.04565739787161,0.9969104016477858,0.004806041881222108,4.186405767250258,2.640576725025747,5.0,3.575008582217645,4.1568829385513215
198,하서동,4.4,1.7333333333333334,0.9333333333333333,4.666666666666667,1.6,4.6,1.0,1.1333333333333333
199,학정동,2.2879656160458453,1.1131805157593124,0.06446991404011461,3.4183381088825215,1.0644699140401146,4.948424068767908,1.808022922636103,3.146131805157593
200,향촌동,4.363636363636363,1.121212121212121,0.24242424242424243,4.848484848484849,2.287878787878788,5.0,1.0,2.0454545454545454
201,현풍읍,3.0134155184916604,1.0949963741841915,0.11058738216098622,3.52102973168963,2.166424945612763,4.9412617839013775,1.9923857868020305,3.6015228426395938
202,호림동,2.7204301075268815,1.0672043010752688,0.05913978494623656,6.811827956989247,1.631720430107527,4.997311827956989,2.0,2.8333333333333335
203,호산동,2.6341463414634148,1.10801393728223,0.09146341463414634,4.565331010452962,1.0662020905923344,4.9886759581881535,1.8649825783972125,2.792682926829268
204,화원읍,3.3161111111111112,1.1252777777777778,0.13083333333333333,3.9805555555555556,1.856111111111111,4.9275,1.5244444444444445,3.368611111111111
205,화전동,4.804347826086956,1.0869565217391304,0.13043478260869565,5.065217391304348,2.782608695652174,5.0,1.0,1.8695652173913044
206,황금동,3.4417910447761195,1.1701492537313434,0.2844349680170576,2.79317697228145,2.2891257995735605,4.925799573560767,1.4588486140724948,2.947547974413646
207,효령면,3.054295942720764,0.9988066825775657,0.007159904534606206,3.6715393794749405,2.8767899761336517,5.0,2.7568615751789975,4.533114558472554
208,효목동,4.231710300954245,1.0731587961830193,0.28725226327379494,2.6004404208465868,3.0166381208710544,4.985808661609983,1.0117445559089797,2.863469537558111
